time,pos_x,pos_y,pos_z,yaw,vel_x,vel_y,vel_z,vel_yaw,acc_x,acc_y,acc_z,acc_yaw
0.0,-1.9999999999999993,-1.9999999999999993,1.5000000000000069,0.0,0.0,0.0,0.0,0.0,0.0,0.0,0.0,0.0
0.020080321285140562,-1.9999700631087365,-1.9999882446367456,1.4999862004079383,-1.9365519602619494e-07,0.004456508662196849,0.001754975009874387,-0.0020519097757010075,-2.8767515453017726e-05,0.43886702528694427,0.17383502381750263,-0.2015973265380082,-0.002820799276586316
0.040160642570281124,-1.9997659150110376,-1.999907284340938,1.4998924684595738,-1.5046401704106695e-06,0.017287560275801556,0.006887585558117954,-0.007922578197573893,-0.00011063398460820336,0.8376659402224231,0.33779773844764865,-0.3819974234838664,-0.0053119005848852405
0.060240963855421686,-1.9992279938119115,-1.9996915271898021,1.4996466198043625,-4.9297964894066835e-06,0.037704491338681916,0.015202436537626283,-0.017195354205782255,-0.00023912576097991604,1.1976666152961242,0.49209325155468764,-0.5419296440385633,-0.00748533521290748
0.08032128514056225,-1.9982122569123129,-1.999279248141173,1.4991846572423089,-1.1338899047156824e-05,0.06494403575849926,0.026508234994579737,-0.029468173804514764,-0.00040800982384272926,1.5201389209977352,0.636926670802869,-0.6821233414031657,-0.009353134448663735
0.10040160642570281,-1.9965896730609445,-1.9986125069904292,1.498450478982694,-2.1479468580897288e-05,0.09826832485270867,0.04061779012844368,-0.044353560061981157,-0.0006112937782314305,1.8063527278169444,0.772503103856443,-0.8033078687786765,-0.010927329580164721
0.12048192771084337,-1.9942457144060624,-1.9976370663274272,1.4973955869027933,-3.598158418616215e-05,0.13696488734855894,0.05734801329196841,-0.06147862311040825,-0.0008432258549410209,2.0575779062434383,0.8990276583796587,-0.9062125793661342,-0.012219951895421133
0.14056224899598393,-1.9910798485472798,-1.9963023094934356,1.4959787948065992,-5.5362695831987695e-05,0.1803466493830927,0.07651991799118932,-0.08048506014604612,-0.001098294910526717,2.2750843267669048,1.0167054420367658,-0.9915668263665732,-0.01324303268244368
0.1606425702811245,-1.9870050305873708,-1.9945611585380691,1.494165936683538,-8.003243687611655e-05,0.22775193450314613,0.09795861988542663,-0.10102915542916399,-0.001371230427303947,2.4601418598770306,1.1257415624920135,-1.0600999629810206,-0.014008603229243062
0.18072289156626506,-1.981947195184075,-1.992369992176224,1.4919295749671904,-0.00011029743658020221,0.27854446366534946,0.12149333678728574,-0.12278178028405386,-0.0016570025133483557,2.6140203760635043,1.2263411274096518,-1.1125413424104909,-0.014528694823829987
0.20080321285140562,-1.9758447486019017,-1.9896885637450106,1.489248708794012,-0.00014636613262501315,0.3321133552361266,0.14695738866265698,-0.14542839309902544,-0.0019508219024958016,2.737989745816015,1.3187092444539308,-1.1496203178560347,-0.014815338754215174
0.22088353413654618,-1.9686480607639336,-1.9864799191606892,1.4861084822620505,-0.0001883535836256372,0.387873124991695,0.17418819763071564,-0.16866903932640842,-0.002248139954342356,2.8333198396242487,1.4030510212890996,-1.1720662425186659,-0.014880566308409312
0.24096385542168675,-1.9603189573036308,-1.982710314875604,1.4824998926896673,-0.00023628628164668557,0.44526368611806594,0.20302728796392192,-0.19221835148255867,-0.0025446486542443055,2.9012805279778933,1.4795715655794077,-1.1806084695994141,-0.014736408774423112
0.26104417670682734,-1.9508302116166358,-1.9783491358351162,1.4784194988742563,-0.0002901069647174974,0.5037503492110444,0.23332028608802108,-0.2158055491478465,-0.002836280613318149,2.943141681366634,1.548475984989104,-1.175976352299311,-0.014394897440267267
0.28112449799196787,-1.9401650369125765,-1.97336881343454,1.4738691293509658,-0.0003496794293473444,0.5628238222762297,0.26491692058204364,-0.2391744389666658,-0.0031192090684406025,2.9601731702801617,1.6099693871824399,-1.1588992438193895,-0.013868063593952498
0.3012048192771084,-1.9283165782668714,-1.9677447434760758,1.4688555906514134,-0.000414793343040634,0.6220002107290142,0.29767102217830466,-0.26208341464743035,-0.003389847882248594,2.9536448652081626,1.6642568798236632,-1.130106497360667,-0.013167938523489499
0.321285140562249,-1.9152874046725328,-1.961455204125745,1.4633903755624094,-0.000485169056812115,0.6808210173945841,0.3314405237624044,-0.2843054569625739,-0.0036448515431392664,2.924826636640325,1.7115435705770246,-1.0903274661241849,-0.012306553516888988
0.3413654618473896,-1.9010890010919717,-1.9544812738703243,1.4574893713846748,-0.0005604624177020806,0.7388531425079197,0.36608746037322826,-0.3056281337485525,-0.0038811151652699753,2.8749883550663347,1.752034567106773,-1.0402915033109625,-0.011295939862161656
0.3614457831325301,-1.8857412605088013,-1.9468067494742796,1.4511725681915615,-0.0006402695812915736,0.7956888837137944,0.4014779692029463,-0.3258535999058409,-0.004095774488558292,2.8053998909758824,1.7859349770771589,-0.9807279621220344,-0.01014812884731822
0.38152610441767065,-1.8692719759796415,-1.9384180639367004,1.444463767087772,-0.0007241318242175907,0.8509459360667764,0.43748228959701385,-0.344798597398936,-0.004286205878682001,2.717331114858653,1.813449908152431,-0.9123661957584237,-0.00887515176036938
0.40160642570281124,-1.8517163326859225,-1.9293042044482347,1.4373902884680783,-0.0008115403566882854,0.9042673920312269,0.4739747630541712,-0.36229445525635373,-0.004450026327079103,2.612051897204334,1.834784467996839,-0.8359355574211618,-0.007489039889325829
0.42168674698795183,-1.8331163999856903,-1.9194566303480225,1.429982680276042,-0.0009019411349981743,0.9553217414813007,0.5108338332264435,-0.3781870895706315,-0.004585093450947808,2.490832108502614,1.850143764274633,-0.7521654003112808,-0.006001824522198292
0.44176706827309237,-1.8135206234654089,-1.9088691910806304,1.4222744262627331,-0.0009947396740433404,1.0038028717009466,0.5479420459191409,-0.3923370034983279,-0.004689505493246546,2.354941619243182,1.8597329046500626,-0.6617850776298058,-0.004425536946997462
0.4618473895582329,-1.7929833169917657,-1.897538044152986,1.4143016542454518,-0.0010893058598366364,1.0494300673839076,0.5851860490908585,-0.40461928726002017,-0.004761601322693956,2.2056502999157237,1.8637569967873768,-0.565523942577765,-0.002772208451734056
0.4819277108433735,-1.7715641547634757,-1.885461573091313,1.4061028443664452,-0.0011849787620228911,1.09194801063372,0.6224565928534768,-0.4149236181403082,-0.004799960433768895,2.0442280210099257,1.862421148350825,-0.46411134835618517,-0.001053870324418762
0.5020080321285141,-1.7493276633630848,-1.872640305398063,1.3977185373516277,-0.0012810714463941113,1.1311267809637138,0.6596485294721607,-0.423154260487811,-0.0048034029467104306,1.8719446530154777,1.8559304670046572,-0.3582766481661026,0.0007174461469377008
0.5220883534136547,-1.7263427138087741,-1.8590768305088528,1.389191042769303,-0.001376875787404689,1.1667618552970125,0.6966608133653605,-0.4292300657151692,-0.004770989607517849,1.690070066422067,1.8444900604131238,-0.24874919520853744,0.002529709674324629
0.5421686746987951,-1.702682013606165,-1.8447757177493966,1.3805641472888803,-0.0014716672806866034,1.1986741079665344,0.7333965011048116,-0.433084472299043,-0.004702021787950646,1.4998741317193802,1.8283050362404742,-0.1362583426845272,0.004370888969731328
0.5622489959839357,-1.6784215988001219,-1.8297434342924415,1.3718828229395963,-0.0015647098555646249,1.2267098107149905,0.7697627514155337,-0.43466550578011365,-0.004596041485528536,1.3026267193971064,1.807580502150957,-0.021533443795090257,0.006228952745147084
0.5823293172690763,-1.6536403260265577,-1.8139882631147008,1.363192935369233,-0.0016552606875715203,1.250740632694886,0.8056708251758324,-0.433935778763084,-0.004452831323531441,1.0995976999449308,1.7825215658088216,0.0946961482587354,0.008091869712561194
0.6024096385542168,-1.628419364564237,-1.79752022095379,1.3545409521028386,-0.0017425750109632593,1.2706636404685199,0.8410360854172977,-0.43087249091667545,-0.004272414550999504,0.8920569438525443,1.7533333348783198,0.21170108027592782,0.009947608583962946
0.6224899598393574,-1.6028416883865804,-1.7803509762651584,1.3459736508014466,-0.0018259109312342133,1.2864012980079844,0.8757779973248044,-0.4254674289736309,-0.004055055042733078,0.6812743216096311,1.7202209170236982,0.3287519990554548,0.011784138071341651
0.642570281124498,-1.576991568213468,-1.7624937671790257,1.337537827520796,-0.001904534237632366,1.2979014666951665,0.9098201282365135,-0.4177269667307151,-0.0038012572992927305,0.46851970370588125,1.6833894199092085,0.44511955139628867,0.013589426886686592
0.6626506024096386,-1.5509540635630463,-1.7439633194573163,1.3292800049700488,-0.0019777232156745115,1.3051374053217455,0.943090147643869,-0.4076720650487109,-0.0035117664469992427,0.2550629606309802,1.6430439511990995,0.5600743840974016,0.015351443741987065
0.6827309236947792,-1.524814514803528,-1.7247757644505914,1.3212461407705125,-0.0020447734596614636,1.308107770089196,0.9755198271916018,-0.3953382718524239,-0.0031875682379336155,0.04217396287461783,1.5993896185576213,0.6728871439577637,0.017058157349232366
0.7028112449799196,-1.4986580352049996,-1.7049485570549858,1.313481335714358,-0.0021050026851932584,1.3068366146087853,1.0070450406777265,-0.38077572213067934,-0.002829889049937054,-0.16887741907352094,1.552631529649022,0.7828284777763428,0.018697536420411793
0.7228915662650602,-1.4725690029912242,-1.6845003936691407,1.3060295420233392,-0.002157755541684358,1.301373389901575,1.0376057640535437,-0.364049137936322,-0.0024401958866109874,-0.376821314723744,1.502974792137554,0.8891690323521195,0.020257549667514627
0.7429718875502008,-1.446630553391445,-1.6634511301511385,1.2989332716075133,-0.0022024084248788546,1.2917929443984193,1.067146075423638,-0.3452378283862201,-0.002020196377317051,-0.5803878535863687,1.4506245136874643,0.9911794544840542,0.021726165802530187
0.7630522088353413,-1.4209240706921913,-1.6418216997754371,1.2922333043239593,-0.0022383742893656755,1.2781955239399683,1.0956141550458798,-0.324435689661259,-0.0015718387771770977,-0.7783071651717042,1.3957858019630036,1.0881303909711266,0.02309135353744774
0.7831325301204819,-1.3955286802890807,-1.619634031189804,1.2859683962354989,-0.002265107461093788,1.2607067717766645,1.122962285331424,-0.30175120500634756,-0.001097311967073198,-0.9693093789900642,1.338663764628421,1.1792924886123046,0.024341081584256595
0.8032128514056225,-1.3705207407386242,-1.5969109663722514,1.2801749878694153,-0.0022821084498874013,1.2394777285687435,1.1491468508447107,-0.27730744473041335,-0.0005990454536476295,-1.1521246245517633,1.279463509347967,1.2639363942065602,0.025463318654946065
0.8232931726907631,-1.3459733358100303,-1.573676178587969,1.2748869124761726,-0.002288928761961174,1.2146848323862363,1.1741283383034653,-0.25124206620640477,-7.970936930288977e-05,-1.3254830313671095,1.218390143785891,1.3413327545528655,0.02644603346150541
0.8433734939759037,-1.321955766537009,-1.5499540903462594,1.2701351042881361,-0.0022851757124354153,1.1865299187089664,1.1978713365786973,-0.22370731387129128,0.0004577855277983153,-1.4881147289464183,1.1556487756064415,1.4107522164501867,0.02727719471592395
0.8634538152610441,-1.298533043269575,-1.5257697913574721,1.2659473067782916,-0.002270517237851293,1.1552402204265508,1.220344536694702,-0.19487001922606417,0.0010102878537330583,-1.6387498468000006,1.0914445124738694,1.4714654266975036,0.027944771130190973
0.8835341365461847,-1.2757653777258537,-1.5011489564899385,1.262347780918964,-0.0022446867086860327,1.1210683678384026,1.2415207318290598,-0.16491160083573142,0.001574405598818207,-1.776118514438169,1.0259824620524227,1.5227430320937803,0.02843673141629576
0.9036144578313253,-1.2537076750438845,-1.4761177637269047,1.2593570134405392,-0.0022074877418681266,1.0842923886537248,1.2613768173126347,-0.13402806432932612,0.002146506127610405,-1.8989508613712356,0.9594677320063543,1.5638556794379943,0.02874104428622763
0.9236947791164658,-1.2324090258334237,-1.4507028121234669,1.256991425090181,-0.0021587990132925358,1.045215707991518,1.2798937906295778,-0.10243000239989897,0.0027227161789060883,-2.0059770171095144,0.8921054299999092,1.5940740155291089,0.028845678451975863
0.9437751004016064,-1.2119121982277508,-1.4249310397635058,1.2552630788905526,-0.002098579070335894,1.004167148380574,1.297056751417324,-0.07034259480452265,0.0032989218657414774,-2.095927111163319,0.8241006636973394,1.6126686871660996,0.028738602625529762
0.963855421686747,-1.1922531299354706,-1.39882964171662,1.2541793883985357,-0.0020268711443717138,0.9615009297594798,1.3128549014665924,-0.03800560836428968,0.0038707686753925797,-2.167531273042957,0.7556585407628948,1.6189103411479402,0.02840778551887861
0.9839357429718876,-1.173460420292319,-1.3724259879950613,1.2537428259639491,-0.0019438079632855894,0.9175966694766148,1.3272815447213886,-0.0056733969643127935,0.004433661469375186,-2.219519632258744,0.6869841688608245,1.6120696242736012,0.02784119584401172
1.0040160642570282,-1.1555548223129657,-1.3457475415106686,1.2539506309882702,-0.0018496165639904016,0.8728593822901535,1.3403340872790026,0.026385098446272792,0.00498276448344487,-2.2506223183209917,0.618282655655379,1.5914171833420516,0.02702680231291837
1.0240963855421688,-1.1385487347428191,-1.3188217760318017,1.254794518183353,-0.001744623104941521,0.8277194803680633,1.3520140373900098,0.057886349854313845,0.005513001327597003,-2.2595694607400145,0.5497591088108069,1.5562236651522632,0.025952573637587864
1.0441767068273093,-1.1224456941098309,-1.2916760941402763,1.256260385830148,-0.0016292576786520131,0.7826327732881059,1.3623270054582695,0.08853224218263556,0.006019054986066733,-2.2450911890261223,0.4816186359913565,1.5057597165032077,0.024606478530009492
1.0642570281124497,-1.107239866776299,-1.264337745188298,1.258328024037422,-0.0015040591242078433,0.7380804680378356,1.3712827040409263,0.11801007329004087,0.006495367817328993,-2.2059176326896277,0.4140663448612804,1.439295984193857,0.02297648570217255
1.0843373493975903,-1.0929155409906728,-1.2368337432553966,1.2609708230004784,-0.0013696798397830803,0.6945691690146024,1.3788949478484114,0.14599255397131428,0.006936141554098505,-2.1407789212408446,0.3473073430848271,1.356103115023184,0.021050563866066338
1.104417670682731,-1.0794466189393561,-1.2091907851053607,1.2641554812598752,-0.0012268905951551,0.6526308780255484,1.3851816537444388,0.1721378079572191,0.0073353373033297805,-2.0484051841900786,0.28154673832624794,1.2554517557901619,0.018816681733680125
1.1244979919678715,-1.0667961087985123,-1.1814351681431716,1.267841713960146,-0.0010765853442197906,0.6128229942876103,1.3901648407460088,0.19608937191449805,0.007686675546217108,-1.9275265510476545,0.21698963824978645,1.1366125532937508,0.016262808017003253
1.144578313253012,-1.0549156167858682,-1.1535927083719377,1.2719819611085188,-0.0009197860375067566,0.5757283144275179,1.393870630023406,0.2174761954458726,0.00798363613819457,-1.7768731513238816,0.15384115051969305,0.9988561543329242,0.013376911428024989
1.1646586345381527,-1.043744839212518,-1.125688658349829,1.2765210958336362,-0.0007576474346945231,0.5419550324817956,1.3963292449002007,0.23591264109004584,0.008219458308936025,-1.5951751145290594,0.0923063828002284,0.8414532057066726,0.010146960678734617
1.1847389558232932,-1.033211054534727,-1.0977476251470109,1.2813961326442738,-0.0005914619171257398,0.5121367398967606,1.3975750108532474,0.25099848432169714,0.008387140662355134,-1.3811625701735126,0.03259044275563028,0.6636743542139456,0.006560924481121444
1.2048192771084336,-1.0232286154057375,-1.0697934883025795,1.2865359356880615,-0.00042266430032238567,0.48693242552852406,1.3976463555126863,0.2623189135514864,0.008479441176605328,-1.133565647767556,-0.02510156194985047,0.4647902466537204,0.0026067715471747854
1.2248995983935742,-1.0136984407275704,-1.0418493177814943,1.2918609270102015,-0.0002528366465009731,0.46702647564299227,1.3965858086619427,0.26944453012605535,0.008488877204079832,-0.8511144768214924,-0.0805645236519581,0.24407152982497315,-0.001727529411116098
1.2449799196787148,-1.0045075077028307,-1.0139372919315144,1.2972827948121894,-8.371307708775217e-05,0.45312867391586287,1.3944400022377255,0.2719313483280213,0.00840772547141165,-0.532539186845641,-0.13359333468644996,0.0007888505266677726,-0.006454009681761894
1.2650602409638554,-0.9955304076671581,-0.9860816772167316,1.30270911323863,8.30905198002257e-05,0.44535046220963603,1.3903451122194068,0.2707936523644663,0.00831024970153899,-0.30316215874507735,-0.3653077527595072,0.028547140430105852,0.004739549182943636
1.285140562248996,-0.9866767409676294,-0.9583739760645877,1.3081507981750051,0.0002519614031815739,0.44037583422251114,1.3791513698798779,0.27435586032658493,0.008660034194467743,-0.19527221700015635,-0.7474198023663845,0.3228684011737819,0.029700260773514335
1.3052208835341366,-0.97790137547234,-0.9309639356126966,1.31372068496561,0.0004326067072340365,0.4375011100417069,1.360709764263507,0.28351928716347036,0.009477123404821297,-0.09315179844352589,-1.090315231159799,0.5888244747255299,0.051490463215344597
1.3253012048192772,-0.9691634590179341,-0.9039887582627184,1.3195251871292293,0.0006337466013923297,0.43661209798362877,1.3357913587435968,0.297725955940409,0.01069933368702007,0.0033189749419919035,-1.3953209434365232,0.8273480419978633,0.0702328102479567
1.3453815261044177,-0.9604243992991228,-0.8775704905297079,1.325659745182135,0.0008628821129274823,0.4375970039250267,1.305140678607512,0.31643654334093874,0.012266934470274929,0.09425998117356776,-1.6637638434933577,1.039371783903299,0.08604995561087307
1.3654618473895583,-0.9516478159174804,-0.8518165538038307,1.332209199710454,0.0011263441884426452,0.4403464313029926,1.2694757110566828,0.3391303796668459,0.014122648258587172,0.1797910982683814,-1.8969708356270822,1.2258283813543611,0.09906455304361597
1.3855421686746987,-0.9427994924302341,-0.8268202751120832,1.3392481644425298,0.0014293427553688997,0.4447533811149648,1.229487905206604,0.36530544883816796,0.016211650630748566,0.26003220424359974,-2.0962688241345027,1.3876505152635557,0.10939925628570786
1.4056224899598393,-0.9338473283990611,-0.802661417880012,1.34684139932129,0.001776015783461066,0.45071325191872125,1.185842172086833,0.39447838839319277,0.0184815702403413,0.33510317711641335,-2.2629847133124,1.525770866543414,0.11717671907667096
1.4257028112449799,-0.9247612914388772,-0.779406712693431,1.3550441835766105,0.0021694783462935146,0.4581238398323863,1.139176884640993,0.4261844894884591,0.02088248881573803,0.4051238949039837,-2.3984454074575616,1.6411221161064369,0.12251959515602767
1.4457831325301205,-0.9155133692666342,-0.7571103880601424,1.3639026887976802,0.0026118716827559707,0.46688533853442676,1.09010387772677,0.4599776968987549,0.02336694116010185,0.47021423562349796,-2.503977810866782,1.7346369448651593,0.12555053826330034
1.465863453815261,-0.9060775217501102,-0.735814701171652,1.3734543520053661,0.003104412258549329,0.4769003392636537,1.0392084481159158,0.4954306090171204,0.025889915151386306,0.5304940772921305,-2.5809088278368435,1.807248033732095,0.12639220213801128
1.4859437751004017,-0.8964296329567036,-0.7155504686648919,1.383728248724579,0.0036474408276814573,0.48807383081922073,0.9870493544942456,0.5321344778548438,0.028408851742335373,0.5860832979270534,-2.6305653626645413,1.859888063619755,0.12516724051968284
1.5060240963855422,-0.886547463202227,-0.6963375973839359,1.3947454660566374,0.004240471493963008,0.5003131995606255,0.9341588174616378,0.569699209041465,0.03088364496048351,0.6371017755454431,-2.654274319646672,1.8934897154406607,0.12199830714783737
1.5261044176706826,-0.8764106010996988,-0.6781856151417207,1.4065194757516337,0.004882240772503227,0.5135282294077095,0.881042519532037,0.6077533618247752,0.03327664190815558,0.683669388164482,-2.653362603080011,1.90898567010733,0.1170080557619973
1.5461847389558232,-0.8660004156081371,-0.661094201481762,1.4190565072807981,0.005570756651205762,0.5276311018406568,0.8281796051334505,0.6459441490708137,0.03555264276246692,0.725906013801338,-2.629157117261359,1.9073086085322761,0.11031914010168481
1.5662650602409638,-0.855300008081354,-0.6450537184398761,1.4323559209088645,0.006303347652264474,0.5425363958999962,0.7760226806079502,0.6839374372638715,0.03767890077532331,0.7639315304731937,-2.5829847664875007,1.8893912116280265,0.10205421390642233
1.5863453815261044,-0.8442941643167465,-0.6300457413058964,1.4464105807664351,0.007076711893659243,0.5581610881865993,0.7249978142116733,0.7214177465064902,0.039625122273420965,0.7978658161972203,-2.516172455055231,1.8561661603070894,0.09233593091573222
1.606425702811245,-0.8329693066040915,-0.6160435893853937,1.4612072279223451,0.007886966150651771,0.5744245528616809,0.6755045361148188,0.7580882505194612,0.041363466658246584,0.8278287489905978,-2.430047087261332,1.8085661354819886,0.08128694486913679
1.6265060240963856,-0.8213134457743367,-0.6030128567613933,1.4767268534560278,0.008729694917281408,0.5912485616468003,0.6279158384016522,0.7936707766418257,0.04286854640607723,0.8539402068705022,-2.325935567402598,1.7475238180652393,0.06902990950615835
1.6465863453815262,-0.8093161332483976,-0.590911943056095,1.4929450715298807,0.00959999946786095,0.6085572838238588,0.5825781750705016,0.8279058058308763,0.0441174270679805,0.8763200678541061,-2.2051647997758215,1.6739718889693602,0.055687478566319365
1.6666666666666667,-0.7969684130859458,-0.5796925841925915,1.5098324924616293,0.010492546918472437,0.6262772862351035,0.5398114620337611,0.8605524726621557,0.04508962726981441,0.8950882099585886,-2.0690616886777873,1.5888430291068651,0.041382305789142024
1.6867469879518073,-0.7842627740342061,-0.5693003831565864,1.527355095796692,0.01140161928846299,0.6443375332831229,0.49990907711788646,0.8913885653294573,0.04576711871222742,0.9103645112011254,-1.9189531384052891,1.4930699193902779,0.02623704491414882
1.7068273092369477,-0.7711931015767475,-0.5596753407581143,1.5454746033805462,0.012321162561940591,0.6626693869308501,0.4631378600634004,0.9202105256448233,0.04613432617065841,0.9222688495988933,-1.7561660532551135,1.3875852407321112,0.01037434968086193
1.7269076305220883,-0.7577546299822768,-0.5507523863932582,1.564148852431092,0.013244835749269913,0.6812066067015614,0.4297381125248879,0.9468334490385479,0.04617812749533676,0.9309211031690672,-1.5820273375240506,1.2733216740448876,-0.006083126171196107
1.7469879518072289,-0.743943894353432,-0.5424619088058691,1.583332168611019,0.014166059948568111,0.6998853496788766,0.399923598070999,0.9710910845591753,0.04588785361128224,0.9364411499288234,-1.397863895508892,1.151211900241119,-0.023012728902503214
1.7670682730923695,-0.7297586826755755,-0.5347302868492834,1.6029757391001687,0.015078067407200652,0.7186441705067592,0.37388154218444714,0.9928358348734991,0.04525528851830512,0.9389488678953368,-1.2050026315064288,1.0221886002333251,-0.04029180477353672
1.78714859437751,-0.7151979878655872,-0.5274804202480445,1.623027985667902,0.015973950583277104,0.7374240213895166,0.35177263226201216,1.0119387562665647,0.04427466929100606,0.9385641350857874,-1.0047704498134449,0.8871844549340286,-0.05779770004477455
1.8072289156626506,-0.7002619598206561,-0.5206322603596176,1.6434349377454631,0.01684671120714696,0.7561682520917982,0.3337310176145343,1.0282895586416667,0.04294268607877624,0.9354068295173494,-0.7984942547267364,0.7471321452557431,-0.07540776097669416
1.8273092369477912,-0.6849518574670761,-0.5141033409361113,1.664140605498344,0.017689309342895435,0.7748226099385989,0.3198643094669218,1.0417966055203511,0.04125848210579724,0.9295968292071972,-0.587500950543089,0.6029643521109849,-0.09299933382977343
1.8473895582329316,-0.6692700008090375,-0.5078093088859961,1.6850873528986512,0.018494712449839273,0.7933352398152561,0.3102535809581455,1.0523869140424138,0.03922365367104107,0.9212540121725095,-0.3731174415592964,0.45561375641227286,-0.11044976486448979
1.8674698795180722,-0.6532197229774199,-0.5016644550358207,1.7062162707974684,0.019255944444022583,0.8116566841674504,0.30495336714123944,1.0600061549658994,0.03684225014827021,0.9104982564304596,-0.15667063207214493,0.3060130390721243,-0.12763640034132104
1.8875502008032128,-0.636805322278587,-0.49558224489193403,1.7274675499972234,0.01996613475971261,0.8297398830012066,0.3039916649833032,1.0646186526671055,0.0341207739860376,0.897449439998228,0.060512573621577026,0.1550948810030608,-0.14443658652074481
1.9076305220883534,-0.6200320142431768,-0.4894758494022018,1.7487808543240524,0.020618567410895565,0.8475401738828927,0.30736993336550067,1.0662073851405791,0.03106818070768661,0.88222744089299,0.2771052712250768,0.003791963117596886,-0.1607276696632388
1.927710843373494,-0.6029058836748982,-0.48325867571772596,1.7700956937001653,0.021206730052772446,0.8650152919392209,0.31506309308305913,1.0647739839991168,0.027695878911351057,0.8649521371319144,0.49178055644155894,-0.1469630336717529,-0.17638699602928054
1.9477911646586346,-0.5854338366993213,-0.47684489795456275,1.7913517972162096,0.02172436304325481,0.8821253698572449,0.32701952684527114,1.0603387344737665,0.02401773026995519,0.8457434067321872,0.703211524974245,-0.29623742845246515,-0.19129191187934771
1.9678714859437751,-0.5676235528126721,-0.4701499879554425,1.812489486203637,0.02216550850446062,0.8988329378843649,0.3431610792754918,1.052940575413826,0.02005004953121378,0.8247211277109798,0.9100712725263387,-0.44309854031202445,-0.20531976347391812
1.9879518072289157,-0.5494834369306256,-0.463091246051488,1.8334500473070672,0.022524559384210024,0.9151029238283219,0.36338305691114203,1.042637099286843,0.015811604517631923,0.8020051780854658,1.1110328948010464,-0.5866136883379163,-0.21834789707346922
2.0080321285140563,-0.5310225714370977,-0.45558833182393177,1.854176105556654,0.0227963085175212,0.9309026530572031,0.3875542282037059,1.0295045521786177,0.011323616126505303,0.77771543587283,1.3047694875015905,-0.7258501916176145,-0.2302536589384789
2.0281124497991967,-0.5122506682330397,-0.4475637948658373,1.8746119974404487,0.022975997688106115,0.9462018484994354,0.415516823518733,1.0136378337931964,0.006609758329919866,0.7519717790902369,1.4899541463311676,-0.8598753692386145,-0.24091439532942466
2.0481927710843375,-0.49317802078523054,-0.43894360554381606,1.8947041439767673,0.023059366689866384,0.9609726306437938,0.4470865351358344,0.9951504974528813,0.0016961581747522003,0.7248940857548725,1.6652599669929948,-0.9877565402883857,-0.2502074525067841
2.068273092369478,-0.4738154561750705,-0.4296576857597465,1.9144014237865536,0.02304270238838904,0.975189517539393,0.4820525172486887,0.9741747500982192,-0.0033886042173307852,0.69660223388391,1.8293600451902852,-1.1085610238544152,-0.258010176731035
2.0883534136546187,-0.4541742871473746,-0.4196404397124929,1.933655546165744,0.02292288778244237,0.9888294247956937,0.5201773859650372,0.950861452288013,-0.008613495649871676,0.6672161014945233,1.9809274766262446,-1.2213561390241878,-0.264199914262655
2.108433734939759,-0.4342662641591639,-0.40883128465962404,1.9524214241576352,0.022697451065471705,1.0018716655824997,0.5611972193066852,0.9253801181993109,-0.013945029851622636,0.6368555666038906,2.1186353570040826,-1.3252092048851818,-0.2686540113621218
2.1285140562248994,-0.41410352742846124,-0.3971751816791316,1.9706575476252468,0.022364614687095254,1.0142979506299556,0.604821557209501,0.8979189156274137,-0.01934726747654539,0.6056405072291886,2.2411567820270113,-1.4191875405248826,-0.27124981428991285
2.1485943775100402,-0.3936985589830826,-0.3846231664311506,1.988326356323686,0.021923344414599873,1.0260923882285544,0.6507334015234205,0.868684665985874,-0.024781816103811173,0.5736908013875928,2.3471648473982425,-1.5023584650307709,-0.2718646693065061
2.1686746987951806,-0.37306413470943056,-0.37113287991967514,2.0053946129725144,0.021373398394436912,1.0372414842291282,0.6985892160124414,0.837902844306492,-0.030207830237800833,0.5411263270962765,2.4353326488209794,-1.5737892974903285,-0.2703759226723789
2.1887550200803214,-0.35221327640128774,-0.3566690992542796,2.021833776328112,0.02071537621371801,1.047734142042855,0.7480189263546246,0.8058175792393203,-0.03558201130810472,0.5080669623724205,2.50433328199844,-1.6325473569910391,-0.26666092064800917
2.208835341365462,-0.3311592038086095,-0.3412042684118357,2.037620374256042,0.019950767961710896,1.0575616626412558,0.7986259201420984,0.77269165305266,-0.040858607669522776,0.4746325852331976,2.552839842633831,-1.6776999626203848,-0.2605970094938744
2.2289156626506026,-0.3099152866863184,-0.32471902899823313,2.0527363768034164,0.01908200329133521,1.0667177445561955,0.8499870468810529,0.7388065016330634,-0.04598941460206446,0.4409430736957888,2.5795254264303678,-1.7083144334658433,-0.2520615354704524
2.248995983935743,-0.28849499684309476,-0.3072027510100963,2.067169569271262,0.0181125004806583,1.075198483879881,0.9016526179917417,0.7044622144853352,-0.05092377431094881,0.4071183057773624,2.583063129091249,-1.723458088614906,-0.2409318448382206
2.2690763052208833,-0.2669118601901723,-0.28865406359650425,2.080913925286881,0.017046715494391046,1.0830023742648636,0.9531464068084863,0.6699775347325265,-0.05560857592660441,0.3732781594951018,2.5621260463196958,-1.7221982471550472,-0.22708528385765686
2.289156626506024,-0.24517940879013,-0.2690813858207082,2.093969979876223,0.015890191045383664,1.0901303069240398,1.0039656485796682,0.6356898591159421,-0.0599882555046694,0.3395425128661751,2.5153872738189094,-1.7036022281737595,-0.2103991987892388
2.3092369477911645,-0.2233111329056856,-0.24850345742185231,2.106345202536242,0.014649605656121494,1.0965855706306478,1.0535810404677357,0.6019552379951363,-0.06400479602599146,0.3060312439077677,2.441519907292109,-1.6667373507585088,-0.19075093589344402
2.3293172690763053,-0.20132043304848857,-0.22694986957669028,2.11805437030727,0.013332822720220842,1.1023738517182693,1.1014367415492012,0.5691483753479125,-0.06759772739662784,0.2728642306370519,2.3391970424425,-1.6106709339967908,-0.1680178414307501
2.3493975903614457,-0.1792205720279132,-0.2044615956613054,2.1291199408453743,0.01194893956392477,1.1075032340808293,1.1469503728146389,0.5376626287703243,-0.07070412644784534,0.24016135107120196,2.207091774973293,-1.534470296976088,-0.1420772616616349
2.3694779116465865,-0.15702462699985165,-0.1810915220128282,2.1395724254947277,0.010508336507598913,1.1119841991725972,1.1895130171686898,0.5079100094766793,-0.07325861693612028,0.20804248322740193,2.043877200587704,-1.4372027587838616,-0.1128065428465759
2.389558232931727,-0.13474544151550827,-0.15690497869115672,2.1494507623599697,0.009022725927227271,1.1158296260081864,1.2284892194300592,0.4803211822995297,-0.0751933695431386,0.176627505122811,1.848226414988929,-1.3179356385076293,-0.08008303124605098
2.4096385542168672,-0.11239557757019036,-0.13198027024067294,2.1588026893785757,0.007505201315908042,1.1190547911625526,1.2632169863315144,0.4553454656896836,-0.07643810187579574,0.146036294774623,1.6188125138801883,-1.175736255234849,-0.043784073120537614
2.429718875502008,-0.08998726765210319,-0.10640920645196372,2.1676851173932175,0.005970286345349414,1.1216773687709949,1.293007786519888,0.43345083171619647,-0.0769200784661967,0.11638873020000773,1.3543085929646956,-1.009671928053006,-0.0037870147305133495
2.4497991967871484,-0.06753236679114338,-0.08029763312353944,2.176164503224133,0.004433983927365383,1.1237174305291575,1.3171465505560778,0.4151239060663736,-0.07656411077165605,0.08780468941614039,1.0533877479456564,-0.8188099760495824,0.04003079766354389
2.4698795180722892,-0.04504230460769021,-0.05376596282355006,2.1843172227414858,0.002913825275371555,1.125197445693027,1.3348916709150451,0.4008699680457726,-0.0752925571746979,0.06040405044020325,0.7147230745262831,-0.6022177183120583,0.08779201780115664
2.4899598393574296,-0.022528037361400077,-0.02694970565150645,2.1922299439377353,0.0014289189658809585,1.1261422810789317,1.3454750019858137,0.3912129505782015,-0.07302532298305593,0.034306691289344826,0.33698766840976546,-0.3589624739279422,0.1396192994218471
2.5100401606425704,1.199040866595169e-14,1.199040866595169e-14,2.200000000000011,-9.576647705426308e-17,1.126579201063552,1.3481018600714778,0.38669544020571855,-0.06967986042967327,0.009632489980781145,-0.08114537470063254,-0.08811156198474634,0.1956352962651315
2.5301204819277108,0.022527058284312673,0.026937737872819945,2.20768615203892,-0.0013551437627699191,1.12580967932766,1.3452746123585457,0.3804490090898381,-0.06586765177362744,-0.08545485251029857,-0.20034260564885548,-0.5293609990393372,0.1856941671300139
2.5502008032128516,0.0450201576589766,0.053795583285830784,2.215161970729873,-0.0026359884903691885,1.12320561323665,1.3401370723381454,0.3658032105762305,-0.06224782008076303,-0.17385125397472725,-0.31220236270374796,-0.9282788862810962,0.17639408755134603
2.570281124497992,0.06744393370172874,0.0805287867847726,2.2222678428010703,-0.0038462549171084997,1.1188990631044367,1.3328343240527636,0.3435908405897303,-0.05880775510368974,-0.2557325650744014,-0.41689118940363445,-1.2862487308523989,0.16771398315525854
2.5903614457831323,0.08976562802644183,0.10709546728751329,2.228860534197777,-0.004989415787225417,1.1130185722316936,1.3235081206741122,0.3146170249123212,-0.055535268082494614,-0.3312746364712388,-0.5145756292868324,-1.604654039895649,0.1596327795678823
2.610441767068273,0.11195501794286766,0.13345654546664854,2.234812636679472,-0.006068704284634019,1.1056891669058597,1.3122968845031442,0.27965921918314113,-0.05241859174474214,-0.4006533188271286,-0.6054222258916945,-1.8848783205532507,0.15212940241534817
2.6305220883534135,0.13398434611637589,0.15957567713208487,2.2400120144169873,-0.0070871224626744495,1.0970323564011353,1.2993357069700453,0.23946720889847944,-0.04944638030547419,-0.46404446280397105,-0.6895975227565169,-2.128305079967593,0.1451827773237868
2.6506024096385543,0.15582825022768576,0.18541918661362544,2.2443612505896517,-0.008047449673862462,1.087166132978482,1.2847563486342297,0.1947631094117766,-0.046607709467209976,-0.5216239190636696,-0.7672680634196558,-2.336317825281084,0.1387718299193291
2.6706827309236947,0.17746369263260497,0.21095600014355353,2.2477770939824357,-0.008952250999638969,1.0762049718856228,1.2686872391843478,0.14624136593362624,-0.04389207641994612,-0.573567538268142,-0.8386003914194395,-2.5103000636361275,0.13287548582810596
2.6907630522088355,0.19886989002176403,0.23615757923921832,2.2501899055830927,-0.00980388568011959,1.0642598313570455,1.2512534774382849,0.09456875353177233,-0.04128939984115664,-0.6200511710792744,-0.9037610502941891,-2.6516353021751087,0.1274726706762481
2.710843373493976,0.2200282430803493,0.2609978540856188,2.251543105179302,-0.010604515543844192,1.0514381526139958,1.2325768313431582,0.040384377131112925,-0.0387900198957929,-0.6612506681589618,-0.9629165835822331,-2.7617070480404324,0.12254231008988628
2.7309236947791167,0.24092226614783963,0.28545315691798656,2.2517926179558128,-0.01135611343752645,1.0378438598644835,1.2127757379753172,-0.01570032848630412,-0.036384698236283666,-0.6973418801691205,-1.0162335348219065,-2.8418988083745003,0.11806332969515129
2.751004016064257,0.2615375168777425,0.3095021554043771,2.2509063210915867,-0.012060471655803394,1.023577360303281,1.1919653035403484,-0.0731015986812755,-0.03406461800253512,-0.7285006577716495,-1.0638784475515384,-2.8935940903197075,0.11401465511817406
2.7710843373493974,0.28186152589732805,0.33312578602824594,2.2488634903569413,-0.012719210370984935,1.0087355441119223,1.1702573033730674,-0.13126333895744965,-0.031821383821930775,-0.7549028516284415,-1.1060178653094543,-2.9181764010184565,0.11037521198508532
2.791164658634538,0.3018837264673655,0.35630718747103884,2.2456542467106915,-0.013333786062803442,0.9934117844587028,1.1477601819375263,-0.18965712496131973,-0.029647021809331573,-0.7767243124014116,-1.1428183316339902,-2.91702924761314,0.10712392592201585
2.8112449799196786,0.32159538414185596,0.3790316339947739,2.2412790028972953,-0.013905499948163272,0.9776959374986782,1.1245790528270079,-0.24778220248223076,-0.027533979567075803,-0.7941408907524474,-1.1744463900634683,-2.8915361372461605,0.10423972255509653
2.8313253012048194,0.34098952642777114,0.40128646882462915,2.2357479100439948,-0.01443550641089032,0.9616743423736716,1.1008156987640327,-0.30516548745237104,-0.025475126184979168,-0.8073284373434637,-1.2010685841362267,-2.843080577059918,0.10170152751045813
2.8514056224899598,0.360060872444786,0.4230610375315247,2.22908030425796,-0.014924821431481574,0.945429821212261,1.0765685716003484,-0.3613615659467813,-0.02346375224033473,-0.8164628028363525,-1.2228514573905898,-2.7730460741968157,0.09948826641423142
2.8714859437751006,0.37880576258501364,0.4443466214147058,2.22130415322343,-0.015374331016854646,0.9290416791297917,1.0519327923169421,-0.4159526941833475,-0.02149356979791296,-0.8217198378930144,-1.2399615533648856,-2.682816135799239,0.09757886489254726
2.891566265060241,0.39722208817274307,0.4651363708843319,2.21245550279886,-0.015784799630097344,0.9125857042283698,1.0270001510240316,-0.46854879852280384,-0.01955871240996168,-0.8232753931753551,-1.2525654155974424,-2.5737742690095957,0.0959522485715364
2.9116465863453813,0.4153092211241729,0.48542523884405986,2.2025779236140615,-0.0161568786202172,0.896134167596861,1.0018591069610676,-0.5187874754687334,-0.017653735116206135,-0.8213053193452806,-1.2608295876266027,-2.447303980970286,0.09458734307732969
2.931726907630522,0.43306794360714607,0.5052099140736255,2.1917219576673452,-0.01649111465189103,0.8797558233108951,0.9765947884967348,-0.5663339916675669,-0.015773614443848925,-0.815985467064686,-1.2649206129906805,-2.3047887788237054,0.09346307403605794
2.9518072289156625,0.45050037770088647,0.5244887546114332,2.179944564922665,-0.016787958135214463,0.8635159084328641,0.9512889931289521,-0.6108812839085829,-0.013913748407570044,-0.8074916869954727,-1.265005035228012,-2.147612169712252,0.09255836707385191
2.9718875502008033,0.4676099150557329,0.5432617211371351,2.1673085699067607,-0.01704777165545152,0.8474761430119206,0.9260201874848704,-0.6521499591239074,-0.01206995650952687,-0.7959998297995519,-1.2612493978769326,-1.9771576607783317,0.09185214781684248
2.9919678714859437,0.4844011465528757,0.5615303103542226,2.1538821083063007,-0.017270838402784126,0.8316947300839813,0.9008635073208753,-0.6898882943885153,-0.01023847973935416,-0.7816857461388071,-1.2538202444757598,-1.794808759164332,0.09132334189116034
3.0120481927710845,0.5008797919640893,0.5792974883726019,2.139738073565027,-0.017457370602061685,0.8162263556717209,0.8758907575225843,-0.7238722369202302,-0.008415980574164062,-0.7647252866751604,-1.242884118562836,-1.6019489720126643,0.09095087492293646
3.032128514056225,0.5170526296114697,0.5965676240911892,2.1249535634808936,-0.017607517942550617,0.801122188784581,0.8511704121048509,-0.7539054040797204,-0.006599542978546102,-0.745294302070505,-1.22860756367648,-1.3999618064657193,0.09071367253830151
3.0522088353413652,0.5329274260271726,0.6133464225804865,2.1096093268032163,-0.017721376007683903,0.7864298814187611,0.8267676142117593,-0.7798190833705068,-0.004786672404567197,-0.7235686429867325,-1.2111571233550258,-1.1902307696658951,0.09059066036338634
3.072289156626506,0.5485128656131413,0.6296408584651729,2.0937892098298096,-0.017798994704810642,0.7721935685572263,0.8027441761166285,-0.8014722324389532,-0.0029752957917716467,-0.6997241600857613,-1.1906993411368063,-0.9741393687555959,0.09056076402432175
3.0923694779116464,0.5638184803008466,0.6454591093066826,2.077579603004133,-0.017840386694945587,0.7584538681696997,0.7791585792220102,-0.8187514790742758,-0.0011637615671811164,-0.6739367040294777,-1.1674007605601435,-0.7530711108772117,0.09060290914723855
3.112449799196787,0.5788545792110238,0.6608104889857955,2.061068887512433,-0.017845535822518698,0.7452478812126697,0.75606597405969,-0.8315711212085373,0.0006491603547053165,-0.6463821254797946,-1.14142792516337,-0.528409503173151,0.09069602135826754
3.1325301204819276,0.593632178313404,0.6757053810852192,2.0443468818808865,-0.017814405545124697,0.7326091916293849,0.7335181802906865,-0.8398731269166466,0.002464278571911206,-0.6172362750986107,-1.1129473784848258,-0.30153805278581025,0.09081902628353955
3.1526104417670684,0.6081629300864497,0.6901551722721733,2.0275042885727435,-0.017746947363272595,0.7205678663498558,0.7115636867052535,-0.8436271344163639,0.004281980194982727,-0.586675003547823,-1.0821256640628203,-0.07384026685758194,0.09095084954918534
3.1726907630522088,0.6224590531770939,0.7041721856809771,2.0106321405854715,-0.017643109250135274,0.7091504552908567,0.690247651222875,-0.8428304520682934,0.006102230846988655,-0.5548741614893355,-1.0491293254357004,0.15330034746912524,0.09107041678133576
3.1927710843373496,0.6365332620604698,0.7177696142956274,1.9938212480478947,-0.017502844081298992,0.6983799913559214,0.6696119008922707,-0.8375080583758914,0.007924574663520399,-0.5220095995850578,-1.0141249061417934,0.37850028305191863,0.0911566536061216
3.21285140562249,0.6503986966996513,0.7309614543323923,1.9771616448173428,-0.017326118064512973,0.6882759904353466,0.6496949318913927,-0.8277126019854597,0.009748134292691968,-0.4882571684968866,-0.977278949719425,0.6003760327483922,0.09118848564967369
3.2329317269076303,0.6640688522053853,0.7437624386223898,1.9607420350767897,-0.017112919169438922,0.6788544514061923,0.630531909527428,-0.8135244016861467,0.011571610895139995,-0.45379271888671013,-0.9387579997069171,0.8175440894161632,0.09114483853812275
3.253012048192771,0.6775575084958261,0.7561879699941718,1.944649239931997,-0.016863265557400586,0.6701278561322788,0.6121546682367947,-0.795051446409953,0.01339328414402373,-0.4187921014164466,-0.8987285996426078,1.0286209459128193,0.09100463789759965
3.2730923694779115,0.6908786599562742,0.7682540546563148,1.9289676440086592,-0.016577214011133302,0.6621051694641897,0.5945917115851471,-0.7724293952317236,0.01521101222502504,-0.3834311667479895,-0.8573572930648297,1.2322230950959643,0.09074680935423522
3.2931726907630523,0.7040464450989066,0.779977235579997,1.913778642049544,-0.01625486836453355,0.6547918392392669,0.5778682122673686,-0.7458215773691546,0.017022231836348413,-0.34788576554325523,-0.8148106235119155,1.4269670298231945,0.09035027853416026
3.3132530120481927,0.717075076222518,0.7913745258815892,1.8991600855116388,-0.015896387932408492,0.6481897962816214,0.5620060121075823,-0.7154189921827849,0.01882395818872093,-0.31233174846412215,-0.7712551345221801,1.6114692429521216,0.0897939710635055
3.3333333333333335,0.7299787690722512,0.8024633422052361,1.8851857291632896,-0.015501995940225504,0.6422974544021196,0.5470236220591387,-0.6814403091760068,0.020612785005392306,-0.2769449661725085,-0.7268573696339624,1.7843462273403423,0.08905681256840185
3.353413654618474,0.742771672499333,0.8132614381054415,1.871924677681347,-0.015071987953861771,0.6371097103983914,0.5329362222046248,-0.6441318679950587,0.022384884522134878,-0.24190126933030864,-0.6817838723855951,1.944214475845456,0.08811772867498005
3.3734939759036147,0.7554677981208129,0.8237868374296529,1.8594408322483083,-0.014606740309353784,0.6326179440548305,0.5197556617558599,-0.6037676784290258,0.024136007487243594,-0.2073765085994328,-0.6362011863154047,2.089690481325062,0.08695564500937095
3.393574297188755,0.7680809499792938,0.8340577677008483,1.847792337149461,-0.014106718542646918,0.6288100181425929,0.5074904590538987,-0.5606494204098418,0.025861483161536015,-0.1735465346417735,-0.5902758549617202,2.2193907366367656,0.08554948719770528
3.4136546184738954,0.7806246542026702,0.8440925935001165,1.8370310263700245,-0.013572485819344966,0.6256702784195927,0.49614580156902566,-0.5151064440122903,0.02755621931835231,-0.1405871981192286,-0.5441744218628659,2.3319317346381707,0.0838781808661139
3.433734939759036,0.7931120886638618,0.8539097498492465,1.8272018701922947,-0.013004711364459695,0.6231795536305098,0.48572354590076205,-0.46749576945400007,0.02921470224355527,-0.10867434969370748,-0.4980634305571763,2.425929968186872,0.08192065164072758
3.4538152610441766,0.8055560126405514,0.8635276755933097,1.8183424217927868,-0.012404178892160389,0.6213151555067844,0.47622221777786145,-0.41820208709544904,0.030830996735530324,-0.0779838400271139,-0.452109424582983,2.5000019301404732,0.0796558251476772
3.4738955823293174,0.8179686964749155,0.8729647467832438,1.810482263839377,-0.011771795035523397,0.6200508787666204,0.46763701205831154,-0.36763775743996385,0.03239874610518547,-0.04869151978134867,-0.4064789474786177,2.5527641133565715,0.07706262701309352
3.4939759036144578,0.8303618512333646,0.8822392100584393,1.8036424550884473,-0.01110859777628168,0.6193570011149792,0.45995979272932885,-0.31624281113371877,0.03391117217595138,-0.020973239618305772,-0.36133854278240296,2.5828330106927755,0.07411998286310734
3.5140562248995986,0.842746558366275,0.8913691160293236,1.797834976982027,-0.010415764874574362,0.6192002832435914,0.453179092907372,-0.2644849489657344,0.03536107528378129,0.004995149800110177,-0.31685475403266894,2.588825115006684,0.07080681832384943
3.534136546184739,0.8551331993677254,0.9003722526599458,1.7930621802449376,-0.009694622298696276,0.6195439688309419,0.4472801148381249,-0.21285954186788247,0.03674083427715108,0.029037797811984234,-0.27319412476775806,2.5693569191558914,0.06710205902145068
3.5542168674698793,0.8675313854352313,0.90926607865056,1.7893162314819333,-0.008946652654847512,0.6203477845422807,0.4422447298965073,-0.16188963091487985,0.03804240651705925,0.050978853755443865,-0.23052319852597325,2.523044915998015,0.06298463058204182
3.57429718875502,0.8799498871294817,0.9180676568202117,1.7865785597748467,-0.00817350361688296,0.6215679400296232,0.4380514785866758,-0.11212592732429183,0.0392573278770269,0.0706424669685557,-0.18900851884567516,2.4485055983906356,0.0584334586317537
3.5943775100401605,0.892396564034073,0.9267935874893216,1.7848193032797304,-0.007376996356061863,0.6231571279317412,0.4346755705420158,-0.06414681245653364,0.040376712743097745,0.08785278678943875,-0.14881662926517158,2.3443554591913696,0.053427468796717115
3.6144578313253013,0.9048782944152447,0.9354599418622707,1.7839967558239986,-0.006559133970797366,0.625064523874173,0.4320888845251476,-0.018558337814865933,0.04139125401383814,0.10243396255618542,-0.11011407332279788,2.209210991257809,0.04794558670306284
3.6345381526104417,0.9174009048816161,0.9440821954099858,1.784056813503575,-0.005722109916406063,0.6272357864692149,0.4302599684279258,0.02400577495460121,0.04229122310033701,0.11421014360688275,-0.07306739455690092,2.0416886874475573,0.04196673797692177
3.6546184738955825,0.9299691000439165,0.9526751612525199,1.784932421280029,-0.004868316434857534,0.629613057315928,0.429154039271439,0.06288413406290938,0.04306646992620597,0.123005479279648,-0.03784313650578497,1.8404050406182204,0.035469848244424645
3.674698795180723,0.9425863921747282,0.9612529235416436,1.7865430195777254,-0.00400035298452391,0.6321349610001352,0.4287329832060074,0.09738767757825362,0.04370642292757916,0.12864411891258243,-0.004607842707780918,1.6039765436273967,0.02843384313170222
3.694779116465863,0.9552550308682148,0.9698287708434243,1.7887939908809625,-0.003121034669929408,0.634736605094421,0.428955355511186,0.12679967342597998,0.04420008905311343,0.13095021184376776,0.02647194329878033,1.3310196893326918,0.020837648264885378
3.714859437751004,0.9679759326998596,0.9784151295208137,1.7915761063311177,-0.0022334006714998843,0.6373495801581275,0.4297763805957595,0.15037571938858574,0.044536053763988157,0.12974790741127862,0.05522967797552525,1.0201509705916791,0.012660189270104955
3.7349397590361444,0.9807486108862018,0.987023497116231,1.79476497232379,-0.0013407226753123795,0.6399019597373669,0.43114795199775147,0.16734374310572186,0.04470248103390541,0.12486135495327133,0.08149881778418688,0.6699868802620053,0.0038803917734916427
3.755020080321285,0.9935711049445688,0.9956643757341483,1.7982204771059427,-0.0004465133028446681,0.642318300365009,0.43301863238441735,0.1769040020741916,0.04468711334908982,0.11611470380781697,0.10511281918640947,0.27914391120124193,-0.005522818598823698
3.7751004016064256,1.0064426820387529,1.0043502097641896,1.8017874504995912,0.00044567533039151946,0.6453479691562521,0.4362311370111257,0.17860032569307482,0.04454012894581584,0.267729167306411,0.30387744726967864,-0.07659030306129012,-0.003040544464402305
3.7951807228915664,1.0194230427244735,1.0131593693637297,1.8053257494161283,0.0013368050183476695,0.6536526678092178,0.445840662234719,0.174332163083874,0.0446182520032848,0.557119292610579,0.6506512026033875,-0.3458254428203327,0.010584055920525868
3.8152610441767068,1.0326251464534506,1.022227526637598,1.8087265839818103,0.0022321155241530883,0.6674118061029677,0.462004623772597,0.16494047323487995,0.044952930278848564,0.8133692042583591,0.9595407565372593,-0.5890857943867223,0.02262452073720627
3.8353413654618476,1.0461515324049162,1.0316782813429355,1.8118926215025413,0.003136424942412874,0.6859743441367796,0.4839785182671108,0.1509361858691716,0.04551305366466987,1.0376553394902115,1.2318641761062508,-0.8072279618381266,0.03313811033840865
3.855421686746988,1.060091954247539,1.041620606783138,1.8147365765578716,0.004053940617645932,0.70871277075474,0.5110442037013144,0.13281309862827184,0.04626865725996685,1.2311541355467877,1.4689395283454316,-1.0011085492521776,0.04218208507690292
3.8755020080321283,1.074523850714316,1.0521493770346684,1.8171808683593669,0.004988282048426087,0.7350231035457528,0.5425098993989635,0.11104787707214885,0.04719092137101305,1.395042029668612,1.6720848802898085,-1.171584160706532,0.04981370530545881
3.895582329317269,1.089512816177471,1.0633458941738732,1.8191572781089749,0.005942503791523187,0.7643248888435253,0.5777101860245083,0.08610005467922396,0.048252171511137414,1.530495459096286,1.8426182989744226,-1.319511400278826,0.056090231376846364
3.9156626506024095,1.1051130712233488,1.0752784155037935,1.8206066063573982,0.006919118366044212,0.7960612017265796,0.6160060055831078,0.058412032846359374,0.04942587840072426,1.6386908610703415,1.9818578514342529,-1.4457468720467193,0.061068923643835274
3.9357429718875503,1.1213679332273148,1.0880026807809813,1.8214783303624609,0.007920119157574382,0.8296986460182515,0.6567846614206149,0.02840908088886695,0.0506866579672133,1.7208046728313797,2.0911216047043677,-1.5511471800878303,0.0648070424591955
3.9558232931726907,1.1383102869286477,1.1015624394423122,1.8217302614474766,0.008947003322318271,0.8647273542866851,0.6994598182235845,-0.0035006639594935413,0.05201027134509969,1.778013331619941,2.171727625819755,-1.6365689284798277,0.06736184817569688
3.9759036144578315,1.1559630550054378,1.1159899778318008,1.8213282023596193,0.010000794691240902,0.9006609878448364,0.7434715020192735,-0.03692619654651666,0.05337362487593391,1.811493274676602,2.224993981815459,-1.7028687213003535,0.06879060114610916
3.995983935742972,1.1743396686494814,1.131306646427412,1.8202456046282918,0.011082066674208864,0.9370367367504735,0.7882861001756382,-0.07149364380154875,0.05475477010832193,1.8224209392419186,2.2522387397264794,-1.7509031626270513,0.06915056172320232
4.016064257028113,1.1934445381411791,1.1475233870678787,1.8184632259234939,0.0121909651641314,0.9734153198061726,0.8333963614013331,-0.10684626473548997,0.05613290379792498,1.8119727625564703,2.254779966587849,-1.7815288565375649,0.06849899025974623
4.036144578313253,1.213273523424435,1.1646412601795153,1.8159687874141932,0.01332723144110158,1.0093809845593298,0.8783213957457197,-0.14264445044079332,0.057488367907459884,1.781325181860817,2.2339357294345907,-1.795602407109544,0.06689314710851074
4.056224899598393,1.233814404681541,1.1826519720030237,1.8127566311266896,0.014490225076537319,1.044541507302141,0.9226066745988517,-0.17856572409146423,0.05880264960669864,1.7316546343955324,2.191024095301729,-1.793980418420626,0.0643902926222656
4.076305220883534,1.2550473529080866,1.2015384018203212,1.8088273773029906,0.015678946837322558,1.0785281930716222,0.9658240306914895,-0.21430474094306168,0.06005838127246883,1.664137557401185,2.1273631312242847,-1.7775194945484651,0.061047687153780866
4.096385542168675,1.2769454004878513,1.2212751291813468,1.804187581759176,0.016892061589948326,1.1109958756495968,1.0075716580950904,-0.24957328833269743,0.06123934048865335,1.579950388118327,2.0442709042372664,-1.7470762395707076,0.05692259105582617
4.116465863453815,1.2994749117676934,1.2418289611308686,1.7988493932437668,0.01812792120465386,1.1416229175627004,1.0474741122218143,-0.2841002856790354,0.06233045004619048,1.4802695637875365,1.943065481375708,-1.7035072575649912,0.05207226468117145
4.136546184738956,1.3225960536324592,1.2631594594353164,1.7928302107960985,0.01938458745956775,1.1701112100823814,1.0851823098245208,-0.31763178448229357,0.06331777794307397,1.3662715216493702,1.8250649296746229,-1.6476691526089735,0.046553968382586644
4.156626506024097,1.3462632660798635,1.2852194678095707,1.7861523411046807,0.020659854944848947,1.1961861732248964,1.1203735289967682,-0.3499309683242418,0.06418853738435287,1.2391326989444105,1.6915873161690467,-1.580418528780282,0.04042496251284153
4.176706827309237,1.370425732795403,1.3079556391438016,1.7788426558655779,0.021951273966828017,1.2195967557513152,1.1527514091728184,-0.38077815286820327,0.06493108678213166,1.100029532913215,1.5439507078939894,-1.502611990156577,0.03374250742470594
4.196787148594377,1.395027851727237,1.3313089627302652,1.7709322491407695,0.023256173452148105,1.2401154351675199,1.1820459511276313,-0.4099707858590542,0.06553492975557026,0.9501384607963566,1.383473171884484,-1.415106140815495,0.0265638634709498
4.216867469879518,1.4200097056610947,1.3552152914901252,1.7624560947165226,0.024571683851906136,1.2575382177242003,1.2080135169768653,-0.43732344712322413,0.06599071513088395,0.7906359198343793,1.2114727751755208,-1.3187575848346937,0.018946291004342752
4.236947791164659,1.445307532795168,1.3796058692002693,1.753452703461762,0.025894760045793924,1.2716846384168643,1.2304368301768882,-0.4626678485686936,0.06629023694134344,0.6226983472678782,1.0292675848021577,-1.2144229262918058,0.010947050377655004
4.257028112449799,1.4708541973150013,1.404407857720111,1.7439637806864328,0.027222204246239175,1.2823977609858217,1.249124975524755,-0.4858528341849989,0.06642643442727474,0.44750218033740197,0.8381756677993994,-1.1029587692644824,0.0026234019436560674
4.27710843373494,1.4965796599683991,1.429544864218419,1.7340338834998785,0.02855068890254675,1.2895441779162036,1.2639133991582334,-0.5067443800432269,0.06639339203605937,0.2662238562835224,0.6395150912022629,-0.9852217178303722,-0.005967393944884075
4.2971887550200805,1.5224114486403142,1.4549374684001242,1.7237100781692027,0.029876779605039646,1.2930140104379446,1.2746639085557838,-0.5252255942960182,0.06618633942213424,0.08003981234680424,0.4346039220457776,-0.8620683760671133,-0.014768076935195551
4.317269076305221,1.5482751289277457,1.4805037497331281,1.713041597477642,0.03119695798920015,1.2927209085257931,1.281264672536568,-0.5411967171775673,0.06580165144699156,-0.10987351423218072,0.2247602273649676,-0.7343553480523557,-0.023721386674508488
4.337349397590361,1.5740947747146397,1.5061598146751307,1.7020794980829337,0.032507644639811005,1.2886020508993132,1.2836302212604531,-0.5545751210036196,0.06523684817917906,-0.3023396862128642,0.011302074194848188,-0.6029392378637422,-0.03277006281005307
4.357429718875502,1.5997934387467745,1.531820323900427,1.6908763178756816,0.033805221995096356,1.2806181450228715,1.2817014462280003,-0.5652953101714753,0.06449059489429973,-0.4961822663546922,-0.20445247042956005,-0.4686766495789252,-0.041856844989059505
4.377510040160643,1.6252936232066713,1.5573990195267395,1.6794857333377327,0.03508605725086308,1.2687534271056538,1.2754456002804755,-0.5733089211599862,0.06356270207501208,-0.6902248174170857,-0.4211853394732312,-0.33242418727554046,-0.05092447285875787
4.397590361445783,1.6505177502884778,1.5828092523420159,1.6679622169005381,0.0363465252646417,1.2530156621016557,1.2648562975998434,-0.5785847225295573,0.062454125411029966,-0.8832909021594926,-0.6375784659011519,-0.1950384550312414,-0.0599156860663784
4.417670682730924,1.675388632772873,1.6079645090312535,1.656360694303527,0.03758303145982761,1.233436143709679,1.2499535137087694,-0.5811086149221467,0.06116696579912265,-1.0742040833413231,-0.8523137826782872,-0.057376056923668095,-0.06877322425915111
4.437751004016064,1.6998299446019578,1.632778939403309,1.644736201952472,0.038792034729822095,1.2100696943733444,1.2307835854706188,-0.5808836310612664,0.059704469343114776,-1.261787923722034,-1.0640732227696272,0.07970640296952958,-0.07743982708430613
4.457831325301205,1.723766691454156,1.6571678836177144,1.633143544277862,0.03997007034217354,1.1829946652810772,1.2074192110894568,-0.5779299357519789,0.058071027353886376,-1.4448659860610533,-1.271538719140155,0.2153523205707053,-0.0858582341890739
4.477911646586345,1.747125681319106,1.6810483994114893,1.621636951093268,0.04111377284271848,1.1523129363661186,1.1799594501100525,-0.5722848258809021,0.05627217634937294,-1.6222618331177987,-1.4733922047548305,0.34870509180222253,-0.09397118522068423
4.497991967871486,1.769835995072559,1.7043397893259549,1.6102697349537132,0.04221989895972267,1.1181499163065185,1.1485297234178704,-0.5640027304162061,0.054314598054565275,-1.7927990276517196,-1.6683156125786454,0.47890811258642607,-0.10172141982636743
4.518072289156627,1.7918294570512776,1.7269641279335506,1.599093948514042,0.04328535050802228,1.0806545425251404,1.1132818132390803,-0.5531552104076121,0.05220611940150965,-1.9553011324222442,-1.8549908755765792,0.6051047788456749,-0.10905167765335372
4.538152610441767,1.813041105627926,1.7488467890646429,1.5881600418872892,0.0443071972931649,1.0399992811896572,1.074393863140548,-0.5398309589863972,0.049955712529307666,-2.1085917101888114,-2.032099926713606,0.7264384865023201,-0.11590469834887301
4.5582329317269075,1.8334096637859751,1.7699169730343476,1.5775165200030479,0.04528270001555082,0.9963801272125536,1.032070378029844,-0.5241358013653885,0.04757349478411641,-2.2514943237108422,-2.1983246989547,0.8420526314787229,-0.12222322156015555
4.578313253012048,1.8528780096945887,1.7901082338693346,1.5672095999658393,0.04620933317457389,0.950016604251128,0.9865422241552348,-0.5061926948389672,0.04507072871914826,-2.3828325357477755,-2.352347125264844,0.9510906096972329,-0.12794998693443166
4.598393574297189,1.8713936472835275,1.8093590065346472,1.5572828684134818,0.04708480797276285,0.9011517647074818,0.938066629105692,-0.48614172878307027,0.042459822094671085,-2.5014299090590546,-2.4928491386090217,1.0526958170802025,-0.13302773411893132
4.618473895582329,1.8889091768180424,1.8276131341605173,1.5477769388754594,0.047907095219922334,0.8500521897285411,0.8869271818108837,-0.46414012465518173,0.03975432787800809,-2.6061100064041076,-2.6185126719522094,1.1460116495499912,-0.1373992027608847
4.63855421686747,1.9053827654737683,1.8448203952691733,1.5387291091312905,0.048674448237273966,0.7970079892060324,0.8334338325411803,-0.44036223599434354,0.03696894424353794,-2.695696390542361,-2.728019658259387,1.2301815030289491,-0.141007132507522
4.658634538152611,1.9207786179116262,1.8609370310016615,1.5301730185688975,0.04938542576159754,0.7423328017764979,0.7779228929076503,-0.41499954842114795,0.03411951457269459,-2.7690126242332616,-2.8200520304955297,1.304348773439433,-0.14379426300607348
4.678714859437751,1.9350674468527131,1.8759262723446564,1.5221383055429756,0.05003891484937205,0.6863637948212906,0.720757035862067,-0.388260679637741,0.031223027453967482,-2.824882270236221,-2.8932917216256144,1.3676568567037992,-0.14570333390376888
4.698795180722891,1.9482269436532036,1.8897588673572718,1.514650264733361,0.05063415378091683,0.6294616644665743,0.6623252956969026,-0.36037137942782227,0.02829761668290144,-2.862128891310692,-2.946420664614621,1.4192491487443974,-0.1466770848478387
4.718875502008032,1.9602422488792421,1.9024136083978798,1.5077295045034007,0.051170754964532696,0.5720106355833252,0.6030430680453263,-0.3315745296566428,0.02536256126209667,-2.879576050216107,-2.9781207924275357,1.4582690454835854,-0.14665825548551314
4.738955823293173,1.9711064228818418,1.913877859350925,1.5013916042583213,0.051648727840643,0.5144184617873311,0.5433521098812113,-0.30213014427100715,0.022438285401208832,-2.8760473097118897,-2.987074038029325,1.483859942843718,-0.14558958546402212
4.759036144578313,1.980820916371778,1.9241480828537325,1.4956467718035973,0.05206850178593476,0.45711642543918796,0.48372053951912974,-0.27231536929927325,0.019546358516948845,-2.8503662325574766,-2.971962334384971,1.4951652367471486,-0.14341381443059587
4.779116465863454,1.989396040994487,1.933230367523329,1.490499500703321,0.05243094901749978,0.40055933764430574,0.4246428366143551,-0.24242448285135154,0.016709495233083127,-2.8013563815123144,-2.931467614459467,1.4913283231162295,-0.14007368203246467
4.7991967871485945,1.9968514399049626,1.9411409551832524,1.4859482276385707,0.052737407496975724,0.34522553825290636,0.3666398421628605,-0.2127688951187059,0.013951555380433522,-2.7278413193358064,-2.8642718112177636,1.471492597873321,-0.13551192791685837
4.8192771084337345,2.0032165583426496,1.947906768090367,1.4819849897657802,0.05298970383468728,0.29161689586002026,0.3102587585013197,-0.18367714837435134,0.011297543996877185,-2.628644608787427,-2.7690568576248697,1.434801456940768,-0.1296712917310075
4.839357429718875,2.0085311142063427,1.9535659361616782,1.478595082075107,0.05319017619378718,0.24025880780549524,0.25607314930711134,-0.15549491697285767,0.00877361132734679,-2.50258981262656,-2.64450468664573,1.3803982962409416,-0.12249451312214188
4.859437751004016,2.0128455686290794,1.9581683242011447,1.475756714748802,0.053341697194397436,0.19170020017398048,0.2046829395983032,-0.1285850073503474,0.006407052823830209,-2.3485004936126828,-2.4892972312453594,1.3074265116961765,-0.11392433173749186
4.879518072289157,2.0162215965530415,1.9617760591264957,1.4734406705195782,0.053447696817750315,0.14651352779494609,0.15671441573367328,-0.10332735802449577,0.0042263091453709,-2.1652002145052194,-2.302116424388725,1.2150294992288355,-0.10390348722428758
4.899598393574297,2.0187325573044452,1.9644640571960408,1.471609962028979,0.05351218531032952,0.10529477424266886,0.11282022541269754,-0.08011903959452993,0.0022609661580676108,-1.9515125380635894,-2.0816441990407846,1.1023506547612811,-0.0923747192297591
4.919678714859438,2.0204639651684433,1.9663205512354867,1.4702194891857485,0.0535397760880113,0.06866345183623634,0.07367937767555333,-0.059374254741230814,0.0005417549350745857,-1.7062610270472156,-1.8265624881665268,0.9685333742158626,-0.07928076740113632
4.9397590361445785,2.0215139599640164,1.9674476178647513,1.469215696524199,0.05353570864020551,0.03726260163954942,0.03999724290311368,-0.04152433822693302,-0.0008994482433986803,-1.4282692442155778,-1.535553224730947,0.8127210535149274,-0.06456437138565002
4.959839357429719,2.0219937776188717,1.9679617047247775,1.4685362305625813,0.053505871433996786,0.011758793461318806,0.012505552816956644,-0.027017756895522438,-0.002029621890087159,-1.1163607523280632,-1.2072983416990155,0.6340570885808319,-0.048168270830529936
4.979919678714859,2.022028220744339,1.9679941577043443,1.4681095971614517,0.053456824818285606,-0.007157874144927856,-0.00803759952063432,-0.016320109672438687,-0.0028145993106704487,-0.7693591141441232,-0.8404797720356925,0.43168487533594124,-0.03003520538300597
5.0,2.0217561292102673,1.9676917481668865,1.4678548188820442,0.05339582392792939,-0.01877377388086665,-0.020847759706695945,-0.009914127564675967,-0.0032190686037729278,-0.3860878924231983,-0.43377944870599805,0.20474780970259232,-0.010107914690309139
